SKU,IMAGE URL
Curl Activator Cream 500 ml,https://cdn.shopify.com/s/files/1/0618/8063/1519/files/Activado_de_rizo_6.jpg?v=1777211209
Pack Bombar 3 pec,https://cdn.shopify.com/s/files/1/0618/8063/1519/files/v_0342c0d0-6e31-4926-af73-a2e5b5484989.png?v=1777663443
Pack Bombar 2 pec,https://cdn.shopify.com/s/files/1/0618/8063/1519/files/PackBombarAnticaidaRomero_Jengibre_1.jpg?v=1777217529
Curl Activator Liquid 400 ml,https://cdn.shopify.com/s/files/1/0618/8063/1519/files/DonCabelloActivadordeRizosliquido-400ml_6.jpg?v=1777217756
Serum Macadamia 100 ml,https://cdn.shopify.com/s/files/1/0618/8063/1519/files/Don_cabello_10_075a90ed-9c76-4e39-b656-ff5f2522e809.jpg?v=1778044144
Cebolla Mascarilla 500 ml,https://cdn.shopify.com/s/files/1/0618/8063/1519/files/Don_cabello_16.png?v=1778015856
Cebolla Mascarilla 1000 ml,https://cdn.shopify.com/s/files/1/0618/8063/1519/files/Don_cabello_16.png?v=1778015856
Ampolla Ajo,https://cdn.shopify.com/s/files/1/0618/8063/1519/files/ampollaajo_4.jpg?v=1777453970
Protector Termico 250 ml,https://cdn.shopify.com/s/files/1/0618/8063/1519/files/protectortermico_5.jpg?v=1777235697
Ajo Mascarilla 1000 ml,https://cdn.shopify.com/s/files/1/0618/8063/1519/files/Don_cabello_19.png?v=1778015910
Argan Mascarilla 1000 ml,https://cdn.shopify.com/s/files/1/0618/8063/1519/files/Don_cabello_15.png?v=1778015817
Argan Mascarilla 500 ml,https://cdn.shopify.com/s/files/1/0618/8063/1519/files/Don_cabello_15.png?v=1778015817
Serum Argan 200 ml,https://cdn.shopify.com/s/files/1/0618/8063/1519/files/Don_cabello_9_b63f1531-822d-4397-9662-a2ffe10fefa5.jpg?v=1778044177
Champu Coco 1000 ml,https://cdn.shopify.com/s/files/1/0618/8063/1519/files/Don_cabello_14_6ba4eda9-504f-4978-b837-c4d685f91b33.jpg?v=1778044030
Pack Argan 3 pec,https://cdn.shopify.com/s/files/1/0618/8063/1519/files/PAckagrna3_5.jpg?v=1777667737
Pack Argan 2 pec,https://cdn.shopify.com/s/files/1/0618/8063/1519/files/packargan_5.jpg?v=1777665875
Pack Coco 2 pec,https://cdn.shopify.com/s/files/1/0618/8063/1519/files/PAckcoco_5.jpg?v=1777476951
Champu Anti caspa 500 ml,https://cdn.shopify.com/s/files/1/0618/8063/1519/files/Don_cabello_15.jpg?v=1778044483
Coco Mascarilla 1000 ml,https://cdn.shopify.com/s/files/1/0618/8063/1519/files/Don_cabello_18.png?v=1778015751
Gotero Green,https://cdn.shopify.com/s/files/1/0618/8063/1519/files/Goterorojo_5.jpg?v=1777320671
Champu Bombar 1000 ml,https://cdn.shopify.com/s/files/1/0618/8063/1519/files/Don_cabello_13_7c8cb081-0a9d-4d7d-a5eb-3c9efe233ef3.jpg?v=1778044219
Gotero Red,https://cdn.shopify.com/s/files/1/0618/8063/1519/files/Goterokeratina_6.jpg?v=1777726235
Serum Anti Frizz Vida 100 ml,https://cdn.shopify.com/s/files/1/0618/8063/1519/files/Don_cabello_12_c414a281-bd75-46fc-8d81-dd692e81c090.jpg?v=1778044072
Pack Cebolla - 500 ml - 2 pec,https://cdn.shopify.com/s/files/1/0618/8063/1519/files/PAck_cebolla_2_6.jpg?v=1777662516
Pack Cebolla - 1000 ml - 2 pec,https://cdn.shopify.com/s/files/1/0618/8063/1519/files/PAck_cebolla_2_6.jpg?v=1777662516
Gotero Bombar,https://cdn.shopify.com/s/files/1/0618/8063/1519/files/Goterocanela_6.jpg?v=1777670334
Pack Anti caida - Red- 2 pec,https://cdn.shopify.com/s/files/1/0618/8063/1519/files/Packcaida_1.jpg?v=1777451092
Pack Ajo 2 pec,https://cdn.shopify.com/s/files/1/0618/8063/1519/files/Ajopack2_6.jpg?v=1777669102
Bombar Mascarilla 1000 ml,https://cdn.shopify.com/s/files/1/0618/8063/1519/files/Don_cabello_17.png?v=1778015787
Leave in Conditioner 250 ml,https://cdn.shopify.com/s/files/1/0618/8063/1519/files/Don_cabello_8_0c03b832-d4a6-44b5-b1ab-773fb8db61e5.jpg?v=1778044301
Gotero Ajo,https://cdn.shopify.com/s/files/1/0618/8063/1519/files/Goteroajo_5.jpg?v=1777724857
Pack Cebolla - 500 ml - 3 pec,https://cdn.shopify.com/s/files/1/0618/8063/1519/files/CEbolla_pack_logo.jpg?v=1777477439
Pack Cebolla - 1000 ml - 3 pec,https://cdn.shopify.com/s/files/1/0618/8063/1519/files/CEbolla_pack_logo.jpg?v=1777477439
Serum Argan - 100 ml,https://cdn.shopify.com/s/files/1/0618/8063/1519/files/Don_cabello_11_cb9b92dd-6de3-4477-b2af-4a89e48db893.jpg?v=1778044106
Champu Argan 1000 ml,https://cdn.shopify.com/s/files/1/0618/8063/1519/files/Don_cabello_18_4ba3065a-0f3b-4635-a72e-9ec7314550f7.jpg?v=1778044258
Gotero Cebolla,https://cdn.shopify.com/s/files/1/0618/8063/1519/files/Gotero_cebolla_1.jpg?v=1777456531
Pack Ajo 3 pec,https://cdn.shopify.com/s/files/1/0618/8063/1519/files/PAckajociada_5.jpg?v=1777488990
Champu Anticaida Red 500 ml,https://cdn.shopify.com/s/files/1/0618/8063/1519/files/Don_cabello_16.jpg?v=1778044452
Champu Cebolla 500 ml,https://cdn.shopify.com/s/files/1/0618/8063/1519/files/Don_cabello_17_b4498645-f2cf-40c2-85d4-8a6d96e246e5.jpg?v=1778044377
Champu Cebolla 1000 ml,https://cdn.shopify.com/s/files/1/0618/8063/1519/files/Don_cabello_17_b4498645-f2cf-40c2-85d4-8a6d96e246e5.jpg?v=1778044377
Serum Silk touch - 100 ml,https://cdn.shopify.com/s/files/1/0618/8063/1519/files/Don_cabello_7_b9cc3751-316c-44b7-b6a4-dfbf6812f53e.jpg?v=1778044346
Batana oil Mascarilla 1000 ml,https://cdn.shopify.com/s/files/1/0618/8063/1519/files/Don_cabello_20.png?v=1778015685
Champu Batana Oil 1000 ml,https://cdn.shopify.com/s/files/1/0618/8063/1519/files/Don_cabello_20_af799f51-6760-4dd3-a2ce-95e2834d0749.jpg?v=1778043977
Batana Oil 100 ml,https://cdn.shopify.com/s/files/1/0618/8063/1519/files/BAtana_aoil_5.jpg?v=1777669684
Pack Batana Oil - 2 Pec,https://cdn.shopify.com/s/files/1/0618/8063/1519/files/batanaoil_ack_6.jpg?v=1777235108
FR Pack Cebolla - 500 ml - 2 pec,https://cdn.shopify.com/s/files/1/0618/8063/1519/files/PAck_cebolla_2_6.jpg?v=1777662516
FR Pack Cebolla - 1000 ml - 2 pec,https://cdn.shopify.com/s/files/1/0618/8063/1519/files/PAck_cebolla_2_6.jpg?v=1777662516
FR Pack Cebolla - 500 ml - 3 pec,https://cdn.shopify.com/s/files/1/0618/8063/1519/files/CEbolla_pack_logo.jpg?v=1777477439
FR Pack Cebolla - 1000 ml - 3 pec,https://cdn.shopify.com/s/files/1/0618/8063/1519/files/CEbolla_pack_logo.jpg?v=1777477439
FR Champu Cebolla 500 ml,https://cdn.shopify.com/s/files/1/0618/8063/1519/files/Don_cabello_17_b4498645-f2cf-40c2-85d4-8a6d96e246e5.jpg?v=1778044377
FR Champu Cebolla 1000 ml,https://cdn.shopify.com/s/files/1/0618/8063/1519/files/Don_cabello_17_b4498645-f2cf-40c2-85d4-8a6d96e246e5.jpg?v=1778044377
FR Curl Activator Cream 500 ml,https://cdn.shopify.com/s/files/1/0618/8063/1519/files/Activado_de_rizo_6.jpg?v=1777211209
FR Gotero Cebolla,https://cdn.shopify.com/s/files/1/0618/8063/1519/files/Gotero_cebolla_1.jpg?v=1777456531
FR Champu Anti caspa 500 ml,https://cdn.shopify.com/s/files/1/0618/8063/1519/files/Don_cabello_15.jpg?v=1778044483
FR Protector Termico 250 ml,https://cdn.shopify.com/s/files/1/0618/8063/1519/files/protectortermico_5.jpg?v=1777235697
FR Pack Argan 3 pec,https://cdn.shopify.com/s/files/1/0618/8063/1519/files/PAckagrna3_5.jpg?v=1777667737
FR Pack Bombar 3 pec,https://cdn.shopify.com/s/files/1/0618/8063/1519/files/v_0342c0d0-6e31-4926-af73-a2e5b5484989.png?v=1777663443
FR Champu Bombar 1000 ml,https://cdn.shopify.com/s/files/1/0618/8063/1519/files/Don_cabello_13_7c8cb081-0a9d-4d7d-a5eb-3c9efe233ef3.jpg?v=1778044219
FR Serum Silk touch - 100 ml,https://cdn.shopify.com/s/files/1/0618/8063/1519/files/Don_cabello_7_b9cc3751-316c-44b7-b6a4-dfbf6812f53e.jpg?v=1778044346
FR Pack Ajo 2 pec,https://cdn.shopify.com/s/files/1/0618/8063/1519/files/Ajopack2_6.jpg?v=1777669102
FR Argan Mascarilla 500 ml,https://cdn.shopify.com/s/files/1/0618/8063/1519/files/Don_cabello_15.png?v=1778015817
FR Argan Mascarilla 1000 ml,https://cdn.shopify.com/s/files/1/0618/8063/1519/files/Don_cabello_15.png?v=1778015817
FR Pack Argan 2 pec,https://cdn.shopify.com/s/files/1/0618/8063/1519/files/packargan_5.jpg?v=1777665875
FR Cebolla Mascarilla 500 ml,https://cdn.shopify.com/s/files/1/0618/8063/1519/files/Don_cabello_16.png?v=1778015856
FR Cebolla Mascarilla 1000 ml,https://cdn.shopify.com/s/files/1/0618/8063/1519/files/Don_cabello_16.png?v=1778015856
FR Champu Anticaida Red 500 ml,https://cdn.shopify.com/s/files/1/0618/8063/1519/files/Don_cabello_16.jpg?v=1778044452
FR Bombar Mascarilla 1000 ml,https://cdn.shopify.com/s/files/1/0618/8063/1519/files/Don_cabello_17.png?v=1778015787
FR Gotero Ajo,https://cdn.shopify.com/s/files/1/0618/8063/1519/files/Goteroajo_5.jpg?v=1777724857
FR Gotero Green,https://cdn.shopify.com/s/files/1/0618/8063/1519/files/Goterorojo_5.jpg?v=1777320671
FR Pack Anti caida - Red- 2 pec,https://cdn.shopify.com/s/files/1/0618/8063/1519/files/Packcaida_1.jpg?v=1777451092
FR Gotero Bombar,https://cdn.shopify.com/s/files/1/0618/8063/1519/files/Goterocanela_6.jpg?v=1777670334
FR Ajo Mascarilla 1000 ml,https://cdn.shopify.com/s/files/1/0618/8063/1519/files/Don_cabello_19.png?v=1778015910
FR Champu Argan 1000 ml,https://cdn.shopify.com/s/files/1/0618/8063/1519/files/Don_cabello_18_4ba3065a-0f3b-4635-a72e-9ec7314550f7.jpg?v=1778044258
FR Serum Anti Frizz Vida 100 ml,https://cdn.shopify.com/s/files/1/0618/8063/1519/files/Don_cabello_12_c414a281-bd75-46fc-8d81-dd692e81c090.jpg?v=1778044072
FR Ampolla Ajo,https://cdn.shopify.com/s/files/1/0618/8063/1519/files/ampollaajo_4.jpg?v=1777453970
FR Leave in Conditioner 250 ml,https://cdn.shopify.com/s/files/1/0618/8063/1519/files/Don_cabello_8_0c03b832-d4a6-44b5-b1ab-773fb8db61e5.jpg?v=1778044301
FR Curl Activator Liquid 400 ml,https://cdn.shopify.com/s/files/1/0618/8063/1519/files/DonCabelloActivadordeRizosliquido-400ml_6.jpg?v=1777217756
FR Serum Macadamia 100 ml,https://cdn.shopify.com/s/files/1/0618/8063/1519/files/Don_cabello_10_075a90ed-9c76-4e39-b656-ff5f2522e809.jpg?v=1778044144
FR Champu Coco 1000 ml,https://cdn.shopify.com/s/files/1/0618/8063/1519/files/Don_cabello_14_6ba4eda9-504f-4978-b837-c4d685f91b33.jpg?v=1778044030
FR Pack Bombar 2 pec,https://cdn.shopify.com/s/files/1/0618/8063/1519/files/PackBombarAnticaidaRomero_Jengibre_1.jpg?v=1777217529
FR Serum Argan 200 ml,https://cdn.shopify.com/s/files/1/0618/8063/1519/files/Don_cabello_9_b63f1531-822d-4397-9662-a2ffe10fefa5.jpg?v=1778044177
FR Ampolla Rojo 12 Pack,https://cdn.shopify.com/s/files/1/0618/8063/1519/files/Ampoollacaidaverde_5.jpg?v=1777478035
FR Pack Coco 2 pec,https://cdn.shopify.com/s/files/1/0618/8063/1519/files/PAckcoco_5.jpg?v=1777476951
FR Pack Ajo 3 pec,https://cdn.shopify.com/s/files/1/0618/8063/1519/files/PAckajociada_5.jpg?v=1777488990
FR Coco Mascarilla 1000 ml,https://cdn.shopify.com/s/files/1/0618/8063/1519/files/Don_cabello_18.png?v=1778015751
FR Gotero Red,https://cdn.shopify.com/s/files/1/0618/8063/1519/files/Goterokeratina_6.jpg?v=1777726235
FR Serum Argan - 100 ml,https://cdn.shopify.com/s/files/1/0618/8063/1519/files/Don_cabello_11_cb9b92dd-6de3-4477-b2af-4a89e48db893.jpg?v=1778044106
